signal_msg_id,signal_ts,symbol,side,entry_price,tp1,tp2,tp3,sl,dca_price,dca_updates_count,dca_updates_detail,tp_hits,moved_sl_bu
5609,2025-09-09 11:26:39,AVAXUSDT,SELL,25.998,25.824,25.651,25.304,26.647,,0,[],tp1,FALSE
5611,2025-09-10 10:02:50,NEARUSDT,SELL,2.658,2.636,2.616,2.572,2.802,,1,"[{""new_entry"": null, ""new_tps"": null, ""new_sl"": 2.802, ""ts"": ""2025-09-10 13:08:49""}]",,FALSE
5612,2025-09-10 11:19:36,LINKUSDT,SELL,23.42,23.232,23.045,22.717,24.684,23.982,0,[],tp_unknown,FALSE
5619,2025-09-11 10:43:54,UNIUSDT,SELL,9.86,9.781,9.702,9.544,10.155,,0,[],"tp1, tp2",FALSE
5620,2025-09-11 10:57:02,WLDUSDT,SELL,1.728,1.7141,1.7003,1.6761,1.8213,1.7694,0,[],,FALSE
5629,2025-09-12 9:13:15,LINKUSDT,BUY,24.447,24.609,24.772,25.098,23.835,,0,[],tp1,FALSE
5630,2025-09-12 10:48:57,DOTUSDT,SELL,4.191,4.157,4.123,4.065,4.471,4.291,0,[],tp_unknown,FALSE
5634,2025-09-13 10:46:40,OPUSDT,SELL,0.8264,0.8197,0.8131,0.8016,0.87,0.8462,0,[],"tp1, tp2",FALSE
5637,2025-09-14 10:27:39,TIAUSDT,SELL,1.821,1.8064,1.7918,1.7663,1.9193,1.8647,0,[],tp_unknown,FALSE
5640,2025-09-15 9:13:43,OPUSDT,SELL,0.7519,0.7468,0.7418,0.7318,0.7706,,0,[],"tp1, tp2",FALSE
5642,2025-09-15 10:25:49,WIFUSDT,BUY,0.8761,0.8831,0.8901,0.9023,0.8287,0.855,0,[],tp1,FALSE
5648,2025-09-16 9:52:51,SOLUSDT,SELL,235.27,233.49,231.92,228.79,240.93,,0,[],"tp1, tp2",FALSE
5649,2025-09-16 11:13:56,NEARUSDT,SELL,2.7006,2.6785,2.6575,2.6195,2.8125,2.7325,1,"[{""new_entry"": 2.7006, ""new_tps"": [2.6785, 2.6575, 2.6195], ""new_sl"": null, ""ts"": ""2025-09-16 17:18:03""}]","tp1, tp2",FALSE
5653,2025-09-17 11:39:54,LINKUSDT,BUY,23.061,23.245,23.429,23.752,21.815,22.507,0,[],,TRUE
5654,2025-09-17 11:42:46,FILUSDT,SELL,2.498,2.478,2.458,2.418,2.572,,0,[],"tp1, tp2",FALSE
5662,2025-09-18 9:37:02,DOGEUSDT,SELL,0.28033,0.27808,0.27584,0.27135,0.28873,,0,[],tp1,FALSE
5663,2025-09-18 10:31:23,OPUSDT,SELL,0.8189,0.8123,0.8057,0.7943,0.8528,0.8286,1,"[{""new_entry"": 0.8189, ""new_tps"": [0.8123, 0.8057, 0.7943], ""new_sl"": null, ""ts"": ""2025-09-18 14:19:20""}]",,FALSE
5667,2025-09-19 9:45:04,LTCUSDT,SELL,116.69,115.91,115.13,113.57,119.6,,0,[],"tp1, tp2",FALSE
5668,2025-09-19 10:16:58,DOGEUSDT,SELL,0.273,0.27081,0.26863,0.26481,0.28774,0.27955,0,[],"tp1, tp2",FALSE
5675,2025-09-20 10:51:11,NEARUSDT,SELL,3.104,3.079,3.054,3.004,3.197,,0,[],tp1,FALSE
5677,2025-09-21 9:35:17,APEUSDT,SELL,0.5985,0.5937,0.5889,0.5805,0.6308,0.6128,0,[],tp1,FALSE
5678,2025-09-21 9:36:15,LINKUSDT,SELL,23.127,22.972,22.818,22.51,23.705,,0,[],tp1,FALSE
5683,2025-09-22 9:51:26,DOTUSDT,SELL,3.953,3.9213,3.8897,3.8265,4.0715,,0,[],,FALSE
5684,2025-09-22 10:21:07,FILUSDT,BUY,2.252,2.27,2.288,2.319,2.13,2.197,0,[],,TRUE
5686,2025-09-23 10:50:41,STXUSDT,BUY,0.5984,0.6031,0.6079,0.6164,0.5729,0.5911,1,"[{""new_entry"": 0.5984, ""new_tps"": [0.6031, 0.6079, 0.6164], ""new_sl"": null, ""ts"": ""2025-09-24 8:26:30""}]",,FALSE
5690,2025-09-24 10:33:46,LINKUSDT,BUY,21.664,21.837,22.01,22.313,20.494,21.144,0,[],tp1,FALSE
5695,2025-09-25 9:34:30,ENAUSDT,BUY,0.5831,0.5877,0.5924,0.6017,0.5518,,1,"[{""new_entry"": null, ""new_tps"": null, ""new_sl"": 0.5518, ""ts"": ""2025-09-25 11:56:56""}]",,TRUE
5696,2025-09-25 10:41:22,DOGEUSDT,BUY,0.22963,0.23146,0.2333,0.23651,0.21987,0.22685,1,"[{""new_entry"": 0.22963, ""new_tps"": [0.23146, 0.2333, 0.23651], ""new_sl"": null, ""ts"": ""2025-09-25 13:07:48""}]","tp1, tp2",FALSE
5704,2025-09-26 10:33:56,LINKUSDT,BUY,20.028,20.188,20.348,20.628,18.946,19.547,0,[],tp1,FALSE
5708,2025-09-27 10:12:25,AAVEUSDT,SELL,268.0,266.21,264.42,260.85,274.7,,0,[],tp2,FALSE
5710,2025-09-28 10:07:38,LINKUSDT,SELL,20.52,20.383,20.246,19.972,21.032,,1,"[{""new_entry"": null, ""new_tps"": [21.511], ""new_sl"": null, ""ts"": ""2025-09-28 14:50:08""}]",,FALSE
5711,2025-09-28 11:21:11,XRPUSDT,SELL,2.7771,2.7548,2.7325,2.6937,2.927,2.8437,0,[],,FALSE
5714,2025-09-29 10:26:22,AVAXUSDT,SELL,29.844,29.645,29.446,29.048,30.59,,0,[],"tp1, tp2",FALSE
5719,2025-09-29 14:29:52,DOGEUSDT,SELL,0.23617,0.23428,0.23239,0.22908,0.24892,0.24183,0,[],tp1,FALSE
5722,2025-09-30 10:22:59,LTCUSDT,SELL,105.4,104.69,103.99,102.58,108.03,,0,[],tp1,FALSE
5723,2025-09-30 11:08:40,ADAUSDT,SELL,0.78773,0.78142,0.77512,0.76409,0.83026,0.80663,0,[],,TRUE
5727,2025-10-01 9:45:18,AAVEUSDT,SELL,285.6,283.69,281.79,277.98,292.74,,0,[],"tp1, tp2",FALSE
5728,2025-10-01 10:10:38,SUIUSDT,SELL,3.4312,3.4037,3.3763,3.3282,3.5736,3.4719,1,"[{""new_entry"": 3.4312, ""new_tps"": [3.4037, 3.3763, 3.3282], ""new_sl"": null, ""ts"": ""2025-10-01 15:47:21""}]",,FALSE
5731,2025-10-02 10:31:26,ADAUSDT,SELL,0.8492,0.8424,0.8356,0.8222,0.8746,,0,[],"tp1, tp2",FALSE
5732,2025-10-02 11:11:06,LINKUSDT,SELL,22.491,22.311,22.131,21.816,23.705,34.03,0,[],"tp1, tp2",FALSE
5737,2025-10-03 10:33:49,LINKUSDT,SELL,22.34,22.191,22.042,21.744,22.898,,0,[],tp1,FALSE
5738,2025-10-03 10:54:48,DOGEUSDT,SELL,0.25674,0.25468,0.25263,0.24903,0.2706,0.2629,0,[],tp1,FALSE
5741,2025-10-04 9:49:41,ENAUSDT,SELL,0.6055,0.6006,0.5958,0.5861,0.6236,,0,[],"tp1, tp2",FALSE
5742,2025-10-04 9:59:38,DOTUSDT,SELL,4.211,4.177,4.143,4.084,4.438,4.312,0,[],tp2,FALSE
5748,2025-10-05 9:33:02,ADAUSDT,SELL,0.8737,0.8667,0.8597,0.8457,0.8999,,0,[],"tp1, tp2",FALSE
5752,2025-10-06 10:19:20,LTCUSDT,SELL,120.48,119.67,118.87,117.26,123.49,,0,[],tp1,FALSE
5753,2025-10-06 10:45:07,ARBUSDT,SELL,0.4443,0.4407,0.4371,0.4309,0.4628,0.4496,1,"[{""new_entry"": 0.4443, ""new_tps"": [0.4407, 0.4371, 0.4309], ""new_sl"": null, ""ts"": ""2025-10-06 13:43:45""}]",,FALSE
5756,2025-10-06 14:51:36,LINKUSDT,SELL,22.736,22.554,22.372,22.053,24.208,23.281,1,"[{""new_entry"": null, ""new_tps"": [22.784, 22.6, 22.278], ""new_sl"": 24.208, ""ts"": ""2025-10-06 15:32:45""}]",,FALSE
5760,2025-10-07 10:40:25,APTUSDT,SELL,5.4328,5.3893,5.3458,5.2698,5.7261,5.5631,0,[],tp1,FALSE
5761,2025-10-07 10:42:00,LINKUSDT,BUY,22.745,22.896,23.048,23.351,22.176,,0,[],,TRUE
5768,2025-10-08 10:47:26,DOGEUSDT,BUY,0.25001,0.25201,0.25401,0.25751,0.2365,0.244,0,[],"tp1, tp2",FALSE
5769,2025-10-08 10:48:31,ENAUSDT,BUY,0.5426,0.5469,0.5512,0.5599,0.5263,,0,[],"tp1, tp2",FALSE
5777,2025-10-09 9:26:11,AVAXUSDT,SELL,28.082,27.857,27.632,27.183,28.924,,0,[],tp2,FALSE
5778,2025-10-09 10:36:42,TIAUSDT,BUY,1.4336,1.445,1.4565,1.4766,1.3561,1.3991,0,[],tp1,FALSE
5784,2025-10-10 10:25:30,ENAUSDT,BUY,0.5492,0.5535,0.5579,0.5667,0.5327,,0,[],tp1,FALSE
5785,2025-10-10 10:54:45,DOTUSDT,BUY,4.123,4.155,4.188,4.246,3.9,4.024,0,[],tp1,FALSE
5790,2025-10-11 10:33:46,DOGEUSDT,BUY,0.19597,0.19753,0.1991,0.20224,0.18497,,1,"[{""new_entry"": null, ""new_tps"": null, ""new_sl"": 0.18497, ""ts"": ""2025-10-11 11:25:59""}]",,FALSE
5791,2025-10-11 10:53:58,FILUSDT,BUY,1.643,1.656,1.669,1.692,1.573,1.623,1,"[{""new_entry"": 1.643, ""new_tps"": [1.656, 1.669, 1.692], ""new_sl"": null, ""ts"": ""2025-10-11 13:44:05""}]",tp_unknown,FALSE
5795,2025-10-12 10:06:45,NEARUSDT,BUY,2.308,2.326,2.344,2.381,2.17,,1,"[{""new_entry"": null, ""new_tps"": [2.17], ""new_sl"": 2.17, ""ts"": ""2025-10-12 13:32:20""}]",,FALSE
5796,2025-10-12 10:22:43,APTUSDT,BUY,3.5922,3.6209,3.6496,3.6999,3.3982,3.5059,0,[],,FALSE
5800,2025-10-13 9:29:25,SUIUSDT,SELL,2.8416,2.8188,2.7961,2.7506,3.0158,,1,"[{""new_entry"": null, ""new_tps"": [3.0158], ""new_sl"": 3.0158, ""ts"": ""2025-10-13 10:08:19""}]","tp1, tp2",FALSE
5803,2025-10-14 9:21:39,OPUSDT,SELL,0.4752,0.4713,0.4675,0.4599,0.4894,,0,[],tp1,FALSE
5805,2025-10-14 10:22:45,WLDUSDT,BUY,0.9266,0.934,0.9414,0.9543,0.8765,0.9043,0,[],tp1,FALSE
5809,2025-10-15 10:33:45,DOTUSDT,SELL,3.251,3.224,3.198,3.153,3.426,3.329,0,[],"tp1, tp2",FALSE
5819,2025-10-16 8:58:10,AVAXUSDT,BUY,21.755,21.954,22.128,22.476,21.126,,0,[],,FALSE
5822,2025-10-16 9:51:05,LINKUSDT,BUY,18.178,18.324,18.469,18.724,17.191,17.742,0,[],"tp1, tp2",FALSE
5828,2025-10-17 9:35:41,BNBUSDT,BUY,1048.7,1057.0,1065.4,1082.2,1017.2,,0,[],"tp1, tp2",FALSE
5832,2025-10-18 9:31:03,AAVEUSDT,SELL,209.25,207.57,205.9,202.55,215.52,,0,[],tp1,FALSE
5833,2025-10-18 10:14:27,ADAUSDT,SELL,0.6354,0.6303,0.6252,0.6163,0.6697,0.6506,0,[],"tp1, tp2",FALSE
5837,2025-10-20 8:43:41,AVAXUSDT,BUY,20.871,21.056,21.223,21.557,20.262,,0,[],,FALSE
5838,2025-10-20 10:42:44,ADAUSDT,BUY,0.6642,0.6696,0.6749,0.6842,0.636,0.6562,1,"[{""new_entry"": 0.6642, ""new_tps"": [0.6696, 0.6749, 0.6842], ""new_sl"": null, ""ts"": ""2025-10-20 16:16:17""}]",tp_unknown,FALSE
5843,2025-10-21 9:46:48,LINKUSDT,BUY,17.907,18.05,18.193,18.48,17.369,,0,[],"tp1, tp2",FALSE
5844,2025-10-21 10:50:31,FILUSDT,BUY,1.568,1.581,1.594,1.616,1.484,1.531,0,[],,FALSE
5853,2025-10-22 9:31:47,LTCUSDT,BUY,92.09,92.9,93.64,96.11,89.4,,0,[],"tp_unknown, tp2",FALSE
5854,2025-10-22 10:31:42,LINKUSDT,BUY,17.412,17.552,17.691,17.935,16.472,16.995,0,[],tp_unknown,FALSE
5859,2025-10-23 10:23:20,AVAXUSDT,BUY,19.591,19.747,19.904,20.217,19.003,,0,[],,FALSE
5860,2025-10-23 10:43:41,FILUSDT,BUY,1.545,1.558,1.57,1.592,1.462,1.508,0,[],tp1,FALSE
5865,2025-10-24 9:37:29,DOGEUSDT,BUY,0.19728,0.19885,0.20043,0.20359,0.19136,,0,[],"tp1, tp2",FALSE
5866,2025-10-24 9:38:36,DOTUSDT,BUY,3.061,3.086,3.11,3.153,2.896,2.988,0,[],"tp1, tp2",FALSE
5871,2025-10-25 10:13:39,ENAUSDT,BUY,0.4604,0.464,0.4677,0.4751,0.4465,,0,[],"tp1, tp2",FALSE
5876,2025-10-26 9:50:08,SUIUSDT,BUY,2.5731,2.5936,2.6142,2.6554,2.4959,,0,[],tp1,FALSE
5877,2025-10-26 10:09:50,LINKUSDT,BUY,18.014,18.159,18.303,18.555,17.042,17.582,0,[],"tp1, tp2",FALSE
5883,2025-10-27 9:43:36,APTUSDT,SELL,3.491,3.463,3.435,3.379,3.595,,0,[],"tp1, tp2",FALSE
5886,2025-10-28 9:13:09,AAVEUSDT,SELL,237.02,235.12,233.22,229.43,244.13,,0,[],"tp1, tp2",FALSE
5888,2025-10-28 10:42:45,ARBUSDT,SELL,0.3275,0.3248,0.3222,0.3176,0.3451,0.3353,0,[],"tp1, tp2",FALSE
5891,2025-10-29 10:10:48,NEARUSDT,BUY,2.269,2.287,2.305,2.341,2.2,,0,[],"tp1, tp2",FALSE
5893,2025-10-29 10:40:16,LINKUSDT,BUY,18.006,18.151,18.295,18.547,17.034,17.574,0,[],tp1,FALSE
5896,2025-10-30 9:32:06,AVAXUSDT,BUY,19.499,19.654,19.81,20.122,18.914,,1,"[{""new_entry"": null, ""new_tps"": [18.383], ""new_sl"": null, ""ts"": ""2025-10-30 12:18:44""}]",,FALSE
5897,2025-10-30 10:46:28,DOTUSDT,BUY,2.968,2.992,3.016,3.058,2.842,2.932,1,"[{""new_entry"": 2.968, ""new_tps"": [2.992, 3.016, 3.058], ""new_sl"": null, ""ts"": ""2025-10-30 12:43:36""}]",,FALSE
5903,2025-10-31 10:49:10,LINKUSDT,SELL,17.289,17.15,17.012,16.735,17.807,,0,[],"tp1, tp2",FALSE
5904,2025-10-31 10:58:54,WLDUSDT,SELL,0.7992,0.7928,0.7864,0.7752,0.8423,0.8183,0,[],"tp1, tp2",FALSE
5908,2025-11-01 10:48:32,LINKUSDT,SELL,17.382,17.242,17.103,16.86,18.32,17.799,0,[],,FALSE
5911,2025-11-02 9:31:43,WLDUSDT,BUY,0.8586,0.8654,0.8723,0.886,0.8105,,1,"[{""new_entry"": null, ""new_tps"": null, ""new_sl"": 0.8105, ""ts"": ""2025-11-02 13:35:09""}]",,FALSE
5912,2025-11-02 10:47:11,ARBUSDT,BUY,0.308,0.3105,0.313,0.3173,0.2914,0.3007,0,[],,FALSE
5915,2025-11-03 11:00:41,LINKUSDT,BUY,15.894,16.022,16.149,16.371,15.036,15.513,0,[],"tp1, tp2",FALSE
5916,2025-11-03 11:05:02,UNIUSDT,BUY,5.374,5.416,5.459,5.545,5.212,,0,[],"tp1, tp2",FALSE
5922,2025-11-04 10:16:58,FILUSDT,BUY,1.476,1.487,1.499,1.523,1.431,,0,[],tp1,FALSE
5923,2025-11-04 10:23:05,WLDUSDT,BUY,0.7105,0.7163,0.7219,0.7319,0.682,0.7036,1,"[{""new_entry"": 0.7105, ""new_tps"": [0.7163, 0.7219, 0.7319], ""new_sl"": null, ""ts"": ""2025-11-04 13:28:13""}]","tp1, tp2",FALSE
5927,2025-11-05 10:24:19,AAVEUSDT,SELL,196.6,195.03,193.46,190.31,202.5,,0,[],tp1,FALSE
5929,2025-11-05 11:03:20,LINKUSDT,BUY,14.573,14.69,14.807,15.011,13.787,14.224,0,[],tp1,FALSE
5933,2025-11-06 10:15:16,DOTUSDT,SELL,2.594,2.573,2.552,2.51,2.671,,0,[],"tp_unknown, tp1, tp2",FALSE
5937,2025-11-07 9:43:59,LTCUSDT,SELL,88.88,88.16,87.45,86.03,91.54,,0,[],"tp1, tp2",FALSE
5938,2025-11-07 10:25:09,LINKUSDT,SELL,14.813,14.694,14.575,14.368,15.612,15.168,0,[],"tp1, tp2",FALSE
5943,2025-11-08 11:14:12,WLDUSDT,BUY,0.8326,0.8393,0.846,0.8576,0.7877,0.8127,0,[],"tp1, tp2",FALSE
5945,2025-11-09 11:17:34,LINKUSDT,SELL,15.619,15.31,15.187,14.97,16.267,15.804,1,"[{""new_entry"": 15.619, ""new_tps"": [15.494, 15.369, 16.15], ""new_sl"": null, ""ts"": ""2025-11-09 14:33:02""}]",,FALSE
5947,2025-11-10 9:39:49,FILUSDT,BUY,2.637,2.658,2.679,2.721,2.557,,0,[],tp1,FALSE
5949,2025-11-10 10:58:45,APEUSDT,BUY,0.395,0.3982,0.4014,0.4069,0.3737,0.3856,0,[],tp1,FALSE
5953,2025-11-11 11:11:10,ARBUSDT,BUY,0.2896,0.292,0.2943,0.2983,0.2773,0.2861,1,"[{""new_entry"": 0.2896, ""new_tps"": [0.292, 0.2943, 0.2983], ""new_sl"": null, ""ts"": ""2025-11-11 14:53:48""}]",,FALSE
5955,2025-11-12 10:48:23,ADAUSDT,BUY,0.5702,0.5748,0.5794,0.5874,0.5395,0.5566,0,[],tp2,FALSE
5959,2025-11-13 9:56:31,ENAUSDT,SELL,0.3153,0.3127,0.3102,0.3052,0.3247,,0,[],"tp1, tp2",FALSE
5960,2025-11-13 10:47:45,LINKUSDT,SELL,15.693,15.567,15.441,15.222,16.54,16.069,0,[],tp1,FALSE
5981,2025-11-14 10:08:34,LINKUSDT,BUY,14.137,14.25,14.363,14.589,13.712,,0,[],tp1,FALSE
5982,2025-11-14 10:18:06,DOTUSDT,BUY,2.837,2.86,2.883,2.923,2.684,2.769,0,[],tp1,FALSE
5986,2025-11-15 9:10:58,OPUSDT,BUY,0.3867,0.3896,0.3926,0.3985,0.3755,,0,[],"tp1, tp2",FALSE
5988,2025-11-15 10:23:28,APEUSDT,BUY,0.3523,0.3552,0.358,0.363,0.3334,0.3439,0,[],"tp1, tp2",FALSE
5992,2025-11-16 9:37:52,LINKUSDT,BUY,14.309,14.423,14.537,14.766,13.879,,0,[],tp1,FALSE
5994,2025-11-16 10:48:16,DOGEUSDT,BUY,0.15645,0.15771,0.15896,0.16115,0.14802,0.16101,2,"[{""new_entry"": 0.16294, ""new_tps"": [0.16425, 0.16555, 0.16783], ""new_sl"": null, ""ts"": ""2025-11-16 11:50:28""}, {""new_entry"": 0.15645, ""new_tps"": [0.15771, 0.15896, 0.16115, 0.1721], ""new_sl"": 0.14802, ""ts"": ""2025-11-16 16:59:30""}]",tp1,FALSE
5999,2025-11-17 9:43:41,OPUSDT,BUY,0.3889,0.3918,0.3948,0.4008,0.3776,,0,[],tp1,FALSE
6000,2025-11-17 10:37:46,WLDUSDT,BUY,0.6753,0.6808,0.6862,0.6957,0.6467,0.6672,1,"[{""new_entry"": 0.6753, ""new_tps"": [0.6808, 0.6862, 0.6957], ""new_sl"": null, ""ts"": ""2025-11-17 13:49:25""}]","tp1, tp2",FALSE
6007,2025-11-18 8:48:38,OPUSDT,BUY,0.3741,0.378,0.3809,0.3867,0.3643,,0,[],tp1,FALSE
6009,2025-11-18 10:39:21,SEIUSDT,BUY,0.1506,0.1519,0.1531,0.1552,0.1425,0.147,0,[],"tp1, tp2",FALSE
6017,2025-11-19 10:20:59,WIFUSDT,BUY,0.4136,0.4163,0.4191,0.4246,0.4032,,0,[],,FALSE
6018,2025-11-19 10:38:02,XRPUSDT,BUY,2.1101,2.127,2.1439,2.1735,2.0211,2.0852,1,"[{""new_entry"": 2.1101, ""new_tps"": [2.127, 2.1439, 2.1735], ""new_sl"": null, ""ts"": ""2025-11-19 16:01:21""}]","tp1, tp2",FALSE
6023,2025-11-20 9:55:07,LINKUSDT,SELL,13.853,13.723,13.612,13.391,14.249,,0,[],"tp1, tp2",FALSE
6025,2025-11-20 11:16:57,ATOMUSDT,SELL,3.048,3.023,2.999,2.956,3.212,3.121,0,[],,TRUE
6030,2025-11-22 9:26:49,WLDUSDT,SELL,0.586,0.5813,0.5766,0.5672,0.6216,,1,"[{""new_entry"": null, ""new_tps"": null, ""new_sl"": 0.6216, ""ts"": ""2025-11-22 14:36:41""}]",,FALSE
6031,2025-11-22 10:52:22,ADAUSDT,SELL,0.3972,0.394,0.3908,0.3852,0.4186,0.4067,0,[],,TRUE
6039,2025-11-24 10:42:36,LINKUSDT,SELL,12.415,12.315,12.216,12.017,12.787,,0,[],tp1,FALSE
6040,2025-11-24 11:19:37,TIAUSDT,BUY,0.6071,0.6119,0.6168,0.6253,0.5743,0.5925,0,[],"tp1, tp2",FALSE
6045,2025-11-25 10:48:21,FILUSDT,BUY,1.605,1.616,1.627,1.658,1.521,,1,"[{""new_entry"": null, ""new_tps"": null, ""new_sl"": 1.521, ""ts"": ""2025-11-25 14:52:01""}]",,TRUE
6046,2025-11-25 10:57:08,NEARUSDT,BUY,1.855,1.87,1.885,1.911,1.765,1.811,0,[],,TRUE
6056,2025-11-26 10:03:36,LINKUSDT,BUY,12.89,12.993,13.096,13.302,12.503,,0,[],"tp1, tp2",FALSE
6057,2025-11-26 10:28:30,TIAUSDT,BUY,0.6057,0.6106,0.6155,0.624,0.5803,0.5987,1,"[{""new_entry"": 0.6057, ""new_tps"": [0.6106, 0.6155, 0.624], ""new_sl"": null, ""ts"": ""2025-11-26 15:52:37""}]","tp1, tp3",FALSE
6066,2025-11-27 10:34:00,ADAUSDT,SELL,0.431,0.4275,0.4241,0.418,0.4542,0.4413,0,[],tp1,FALSE
6072,2025-11-28 9:52:50,AAVEUSDT,BUY,187.24,188.48,189.73,192.23,182.55,,0,[],,FALSE
6073,2025-11-28 10:41:02,TIAUSDT,BUY,0.6159,0.6209,0.6259,0.6345,0.5901,0.6088,1,"[{""new_entry"": 0.6159, ""new_tps"": [0.6209, 0.6259, 0.6345], ""new_sl"": null, ""ts"": ""2025-11-28 11:39:11""}]","tp1, tp2",FALSE
6079,2025-11-29 10:23:57,LINKUSDT,BUY,13.036,13.122,13.209,13.383,12.71,,0,[],tp1,FALSE
6080,2025-11-29 10:26:59,FILUSDT,BUY,1.605,1.618,1.631,1.654,1.519,1.567,0,[],tp1,FALSE
6085,2025-12-01 10:40:52,AAVEUSDT,BUY,166.04,167.14,168.25,170.46,161.88,,0,[],"tp1, tp2",FALSE
6086,2025-12-01 10:48:31,LINKUSDT,BUY,12.03,12.127,12.223,12.391,11.523,11.888,1,"[{""new_entry"": 12.03, ""new_tps"": [12.127, 12.223, 12.391], ""new_sl"": null, ""ts"": ""2025-12-01 15:37:41""}]",,FALSE
6093,2025-12-02 10:14:30,LINKUSDT,SELL,12.073,11.992,11.912,11.751,12.374,,1,"[{""new_entry"": null, ""new_tps"": [12.678], ""new_sl"": null, ""ts"": ""2025-12-02 12:09:16""}]",,FALSE
6094,2025-12-02 10:58:57,AVAXUSDT,BUY,13.029,13.134,13.238,13.42,12.326,12.717,0,[],"tp1, tp2",FALSE
6101,2025-12-03 10:02:44,OPUSDT,BUY,0.3226,0.325,0.3275,0.3325,0.3132,,0,[],,FALSE
6102,2025-12-03 10:39:22,ADAUSDT,SELL,0.4383,0.4347,0.4312,0.4151,0.4619,0.4488,0,[],tp1,FALSE
6107,2025-12-04 10:42:06,LINKUSDT,SELL,14.526,14.429,14.332,14.138,14.889,,0,[],"tp1, tp2",FALSE
6108,2025-12-04 10:59:59,DOGEUSDT,SELL,0.14952,0.14832,0.14712,0.14503,0.15759,0.1531,0,[],tp1,FALSE
6116,2025-12-05 10:29:33,LTCUSDT,BUY,82.44,82.98,83.53,84.63,80.37,,0,[],,FALSE
6119,2025-12-06 10:36:33,AAVEUSDT,SELL,182.93,181.72,180.5,178.06,187.51,,0,[],,FALSE
6124,2025-12-08 10:20:23,OPUSDT,SELL,0.3251,0.3225,0.32,0.315,0.3344,,0,[],"tp1, tp2",FALSE
6125,2025-12-08 10:39:30,DOTUSDT,SELL,2.154,2.136,2.119,2.089,2.27,2.205,0,[],"tp1, tp2",FALSE
6132,2025-12-09 11:51:07,XRPUSDT,BUY,2.0612,2.0777,2.0942,2.1231,1.9499,2.0118,0,[],,FALSE
6136,2025-12-10 10:16:31,XRPUSDT,SELL,2.0853,2.0713,2.0574,2.0296,2.1374,,0,[],,FALSE
6138,2025-12-10 10:45:47,DOGEUSDT,SELL,0.14606,0.14489,0.14372,0.14167,0.15394,0.14956,0,[],tp1,FALSE
6141,2025-12-11 10:50:04,WIFUSDT,SELL,0.378,0.3751,0.3726,0.3676,0.3871,,1,"[{""new_entry"": null, ""new_tps"": [0.3956], ""new_sl"": null, ""ts"": ""2025-12-11 11:51:09""}]",,FALSE
6143,2025-12-12 10:19:44,OPUSDT,SELL,0.3182,0.3157,0.3133,0.3084,0.3273,,0,[],tp1,FALSE
6144,2025-12-12 10:31:35,SUIUSDT,SELL,1.643,1.6298,1.6167,1.5937,1.7317,1.6824,0,[],tp1,FALSE
6150,2025-12-13 11:00:10,SOLUSDT,SELL,133.75,132.85,131.96,130.18,137.09,,0,[],tp1,FALSE
6155,2025-12-15 11:10:37,ADAUSDT,BUY,0.4043,0.4076,0.4108,0.4165,0.3825,0.3946,0,[],,FALSE
6156,2025-12-16 10:42:27,WIFUSDT,BUY,0.3701,0.3731,0.3761,0.3813,0.3502,0.3613,0,[],"tp1, tp2",FALSE
6158,2025-12-17 10:44:27,LINKUSDT,BUY,12.646,12.73,12.814,12.983,12.329,,0,[],"tp1, tp2",FALSE
6159,2025-12-17 11:08:15,ARBUSDT,BUY,0.195,0.1966,0.1982,0.2009,0.1845,0.1904,0,[],tp1,FALSE
6163,2025-12-18 10:09:35,OPUSDT,BUY,0.2736,0.2757,0.2778,0.282,0.2657,,0,[],tp2,FALSE
6164,2025-12-18 10:34:06,ADAUSDT,BUY,0.3649,0.3679,0.3708,0.3759,0.3452,0.3562,0,[],"tp1, tp2",FALSE
6172,2025-12-19 10:54:38,WIFUSDT,BUY,0.3424,0.3452,0.3479,0.3527,0.324,0.3342,0,[],tp1,FALSE
6178,2025-12-20 10:12:41,UNIUSDT,SELL,5.642,5.596,5.551,5.461,5.811,,0,[],,FALSE
6180,2025-12-21 10:45:57,TIAUSDT,SELL,0.4708,0.4671,0.4633,0.4567,0.4963,0.4821,0,[],tp1,FALSE
6181,2025-12-21 10:57:06,FILUSDT,SELL,1.309,1.301,1.292,1.275,1.344,,0,[],tp1,FALSE
6186,2025-12-22 10:47:56,OPUSDT,SELL,0.2759,0.2738,0.2717,0.2675,0.2839,,0,[],,FALSE
6187,2025-12-22 10:55:41,LINKUSDT,SELL,12.657,12.555,12.454,12.277,13.34,12.96,0,[],tp_unknown,FALSE
6191,2025-12-23 10:47:49,XRPUSDT,SELL,1.8937,1.881,1.8684,1.8432,1.941,,0,[],"tp1, tp2",FALSE
6192,2025-12-23 11:38:32,LINKUSDT,BUY,12.226,12.479,12.578,12.751,11.711,12.082,1,"[{""new_entry"": 12.226, ""new_tps"": [12.325, 12.423, 11.594], ""new_sl"": null, ""ts"": ""2025-12-23 14:57:20""}]",tp_unknown,FALSE
6197,2025-12-24 10:55:18,UNIUSDT,BUY,5.733,5.778,5.824,5.916,5.561,,0,[],"tp1, tp2",FALSE
6198,2025-12-24 11:02:17,DOTUSDT,BUY,1.724,1.738,1.752,1.776,1.631,1.683,0,[],,FALSE
6201,2025-12-25 11:00:43,ADAUSDT,BUY,0.3503,0.3532,0.356,0.3609,0.3314,0.3419,0,[],"tp1, tp2",FALSE
6202,2025-12-25 11:20:55,ARBUSDT,SELL,0.1872,0.1859,0.1847,0.1822,0.196,,1,"[{""new_entry"": null, ""new_tps"": null, ""new_sl"": 0.196, ""ts"": ""2025-12-25 15:49:55""}]",,FALSE
6206,2025-12-26 11:24:13,XRPUSDT,SELL,1.8738,1.8588,1.8438,1.8175,1.9749,1.9187,0,[],"tp1, tp2",FALSE
6209,2025-12-27 11:01:57,LINKUSDT,BUY,12.193,12.291,12.389,12.559,11.535,11.901,0,[],"tp_unknown, tp1, tp2",FALSE
6212,2025-12-28 11:02:43,ARBUSDT,BUY,0.1978,0.1994,0.201,0.2038,0.1872,0.1931,0,[],"tp1, tp2",FALSE
6216,2025-12-29 11:27:19,XRPUSDT,SELL,1.8748,1.8598,1.8448,1.8185,1.931,1.9197,0,[],,FALSE
6219,2026-01-03 11:10:56,LTCUSDT,SELL,81.23,80.68,80.14,79.06,83.26,,1,"[{""new_entry"": null, ""new_tps"": [84.96], ""new_sl"": null, ""ts"": ""2026-01-03 18:21:22""}]",,FALSE
6220,2026-01-03 11:17:52,SUIUSDT,SELL,1.6341,1.621,1.6079,1.585,1.7223,1.6733,0,[],,FALSE
6222,2026-01-04 10:34:44,OPUSDT,SELL,0.3155,0.3124,0.31,0.3052,0.3239,,1,"[{""new_entry"": null, ""new_tps"": [0.3327], ""new_sl"": null, ""ts"": ""2026-01-04 16:29:36""}]",,FALSE
6223,2026-01-04 10:43:38,LINKUSDT,SELL,13.363,13.256,13.149,12.962,14.084,13.683,0,[],tp1,FALSE
6228,2026-01-05 10:56:08,ATOMUSDT,SELL,2.274,2.258,2.243,2.213,2.33,,1,"[{""new_entry"": null, ""new_tps"": [2.385], ""new_sl"": null, ""ts"": ""2026-01-05 14:43:03""}]",,FALSE
6229,2026-01-05 10:59:10,ADAUSDT,SELL,0.4028,0.3996,0.3964,0.3908,0.4197,0.4077,1,"[{""new_entry"": 0.4028, ""new_tps"": [0.3996, 0.3964, 0.3908], ""new_sl"": null, ""ts"": ""2026-01-05 15:08:10""}]",,FALSE
6233,2026-01-06 11:04:59,LINKUSDT,BUY,13.838,13.93,14.022,14.207,13.492,,0,[],"tp1, tp2",FALSE
6236,2026-01-07 9:50:20,DOGEUSDT,SELL,0.14848,0.14729,0.1461,0.14372,0.15293,,0,[],"tp1, tp2",FALSE
6237,2026-01-07 11:09:27,LINKUSDT,SELL,13.689,13.579,13.469,13.278,14.428,14.017,0,[],"tp1, tp2",FALSE
6242,2026-01-08 9:11:21,AAVEUSDT,BUY,164.99,166.08,167.18,169.38,160.86,,0,[],"tp1, tp2",FALSE
6243,2026-01-08 10:27:21,FILUSDT,BUY,1.474,1.486,1.498,1.519,1.395,1.439,0,[],tp2,FALSE
6250,2026-01-09 10:17:28,UNIUSDT,BUY,5.439,5.482,5.526,5.613,5.275,,0,[],tp1,FALSE
6253,2026-01-10 11:30:23,TIAUSDT,SELL,0.5528,0.5483,0.5439,0.5362,0.5826,0.566,0,[],tp1,FALSE
6255,2026-01-11 10:39:43,OPUSDT,SELL,0.3203,0.3179,0.3154,0.3105,0.3296,,0,[],"tp1, tp2",FALSE
6257,2026-01-12 9:24:03,XRPUSDT,SELL,2.0519,2.0382,2.0245,1.9972,2.1032,,0,[],tp1,FALSE
6258,2026-01-12 10:42:29,DOGEUSDT,SELL,0.13677,0.13567,0.13458,0.13266,0.14415,0.14005,0,[],tp1,FALSE
6261,2026-01-13 10:56:29,AAVEUSDT,SELL,169.56,168.44,167.31,165.04,177.53,,1,"[{""new_entry"": null, ""new_tps"": null, ""new_sl"": 177.53, ""ts"": ""2026-01-13 14:36:01""}]",,FALSE
6262,2026-01-13 11:03:18,ADAUSDT,SELL,0.3959,0.3881,0.385,0.3795,0.4124,0.4006,1,"[{""new_entry"": 0.3959, ""new_tps"": [0.3927, 3895.0, 0.384], ""new_sl"": null, ""ts"": ""2026-01-13 14:36:54""}]",,FALSE
6265,2026-01-14 10:28:02,UNIUSDT,SELL,5.758,5.713,5.667,5.575,5.932,,0,[],,FALSE
6266,2026-01-14 11:01:18,DOGEUSDT,SELL,0.14733,0.14615,0.14497,0.14291,0.15528,0.15086,0,[],,FALSE
6269,2026-01-15 11:09:52,TIAUSDT,SELL,0.5821,0.5775,0.5728,0.5647,0.6136,0.5961,0,[],,FALSE
6273,2026-01-16 10:03:14,LTCUSDT,SELL,72.11,71.63,71.15,70.19,73.91,,0,[],"tp1, tp2",FALSE
6274,2026-01-16 11:30:06,WIFUSDT,BUY,0.3789,0.382,0.385,0.3903,0.363,0.3745,1,"[{""new_entry"": 0.3789, ""new_tps"": [0.382, 0.385, 0.3903], ""new_sl"": null, ""ts"": ""2026-01-16 15:39:56""}]","tp1, tp2",FALSE
6280,2026-01-17 10:29:51,OPUSDT,SELL,0.3515,0.3488,0.3461,0.3407,0.3616,,0,[],tp1,FALSE
6283,2026-01-19 9:45:37,XRPUSDT,SELL,1.9745,1.0745,1.9482,1.9218,2.0239,,1,"[{""new_entry"": null, ""new_tps"": [1.0745], ""new_sl"": null, ""ts"": ""2026-01-19 16:58:19""}]","tp1, tp2",FALSE
6284,2026-01-19 10:39:44,DOGEUSDT,SELL,0.12767,0.12664,0.12562,0.12283,0.13456,0.13073,0,[],"tp1, tp2",FALSE
6291,2026-01-20 11:09:35,DOGEUSDT,BUY,12.366,12.466,12.565,12.738,12.188,,1,"[{""new_entry"": 12.366, ""new_tps"": [12.466, 12.565, 12.738], ""new_sl"": null, ""ts"": ""2026-01-20 19:13:23""}]",,FALSE
6296,2026-01-22 10:04:01,DOTUSDT,SELL,1.953,1.937,1.922,1.891,2.012,,0,[],"tp1, tp2",FALSE
6297,2026-01-22 11:13:36,DOGEUSDT,SELL,0.12547,0.12447,0.12446,0.12269,0.13332,0.12952,0,[],"tp1, tp2",FALSE
6301,2026-01-23 10:44:23,XRPUSDT,SELL,1.9092,1.8939,1.8786,1.8519,2.0122,1.955,0,[],,FALSE
6304,2026-01-24 11:00:38,ICPUSDT,SELL,3.514,3.485,3.457,3.408,3.703,3.598,0,[],tp1,FALSE
6305,2026-01-24 11:24:54,DOTUSDT,SELL,1.919,1.904,1.888,1.858,1.977,,0,[],,FALSE
6308,2026-01-25 11:15:35,DOGEUSDT,SELL,0.12319,0.1222,0.12121,0.11949,0.12984,0.12614,0,[],"tp1, tp2",FALSE
6312,2026-01-26 12:56:27,DOGEUSDT,BUY,0.12134,0.12232,0.12329,0.12499,0.11479,0.11843,0,[],"tp1, tp2",FALSE
6314,2026-01-27 11:25:06,APTUSDT,SELL,1.534,1.5238,1.5136,1.4932,1.5724,,0,[],tp1,FALSE
6316,2026-01-28 11:02:33,XRPUSDT,SELL,1.9276,1.9147,1.9019,1.8762,1.9758,,0,[],"tp1, tp2",FALSE
6328,2026-01-29 10:41:31,AAVEUSDT,SELL,154.63,153.61,152.58,150.51,158.5,,0,[],"tp1, tp2",FALSE
6335,2026-01-30 9:50:24,ATOMUSDT,SELL,2.081,2.067,2.053,2.026,2.133,,0,[],tp1,FALSE
6340,2026-01-31 11:36:41,OPUSDT,SELL,0.2537,0.2518,0.2499,0.2459,0.2611,,0,[],"tp1, tp2",FALSE
6343,2026-02-01 10:45:32,AVAXUSDT,SELL,10.066,10.0,9.932,9.798,10.318,,0,[],"tp1, tp2",FALSE
6346,2026-02-02 11:35:52,XRPUSDT,BUY,1.6212,1.6342,1.6472,1.6699,1.5337,1.5823,0,[],"tp1, tp2",FALSE
6349,2026-02-03 9:27:35,LINKUSDT,SELL,9.541,9.477,9.414,9.287,9.78,,0,[],tp1,FALSE
6357,2026-02-04 10:46:35,OPUSDT,BUY,0.226,0.2278,0.2295,0.233,0.2195,,0,[],"tp1, tp2",FALSE
6360,2026-02-05 11:28:00,LINKUSDT,SELL,8.848,8.789,8.73,8.612,9.069,,0,[],,FALSE
6376,2026-02-07 9:56:25,LTCUSDT,SELL,53.19,52.84,52.48,51.77,54.52,,0,[],,FALSE
6383,2026-02-10 10:12:14,APTUSDT,SELL,0.9977,0.9911,0.9845,0.9712,1.0227,,0,[],"tp1, tp2",FALSE
6391,2026-02-12 10:38:29,SOLUSDT,SELL,81.64,81.1,80.55,79.46,83.68,,0,[],"tp1, tp2",FALSE
6397,2026-02-13 11:30:54,DOTUSDT,SELL,1.278,1.268,1.258,1.237,1.316,,0,[],,FALSE
6400,2026-02-14 10:21:49,LINKUSDT,SELL,9.044,8.971,8.899,8.772,9.42,9.152,1,"[{""new_entry"": 9.044, ""new_tps"": [8.971, 8.899, 8.772], ""new_sl"": null, ""ts"": ""2026-02-15 8:38:47""}]",tp1,FALSE
6406,2026-02-16 11:31:59,LINKUSDT,SELL,8.753,8.695,8.636,8.52,8.972,,0,[],,FALSE
6408,2026-02-17 11:04:01,ATOMUSDT,SELL,2.252,2.234,2.216,2.184,2.346,2.279,1,"[{""new_entry"": 2.252, ""new_tps"": [2.234, 2.216, 2.184], ""new_sl"": null, ""ts"": ""2026-02-17 13:24:22""}]","tp1, tp2",FALSE
6413,2026-02-18 10:35:23,DOGEUSDT,SELL,0.10101,0.1002,0.09939,0.09778,0.10404,,0,[],"tp1, tp2",FALSE
6421,2026-02-19 10:34:22,XRPUSDT,SELL,1.4127,1.4033,1.3939,1.375,1.448,,0,[],"tp1, tp2",FALSE
6423,2026-02-20 11:40:57,UNIUSDT,SELL,3.4,3.373,3.346,3.291,3.502,,0,[],"tp1, tp2",FALSE
6427,2026-02-21 11:20:54,NEARUSDT,SELL,1.101,1.094,1.086,1.072,1.129,,0,[],"tp1, tp2",FALSE
6429,2026-02-21 11:58:50,APTUSDT,SELL,0.9025,0.8952,0.888,0.8754,0.9512,0.9241,0,[],tp1,FALSE
6437,2026-02-22 10:19:43,APTUSDT,BUY,0.8561,0.8616,0.8675,0.8789,0.8347,,0,[],,FALSE
6444,2026-02-23 10:39:22,ADAUSDT,SELL,0.2705,0.2683,0.2661,0.2623,0.2851,0.2769,0,[],tp1,FALSE
6447,2026-02-24 11:42:06,AAVEUSDT,SELL,112.94,112.19,111.44,109.93,115.77,,0,[],"tp1, tp2",FALSE
6448,2026-02-24 11:45:46,DOGEUSDT,SELL,0.091,0.09027,0.08954,0.08827,0.09591,0.09318,0,[],tp1,FALSE
6457,2026-02-26 11:29:43,ARBUSDT,SELL,0.0984,0.0976,0.0968,0.0954,0.1037,0.1007,0,[],tp1,FALSE
6467,2026-02-28 11:16:56,LINKUSDT,SELL,8.316,8.261,8.205,8.094,8.524,,0,[],,FALSE
6468,2026-02-28 11:51:44,FILUSDT,SELL,0.937,0.93,0.922,0.909,0.977,0.949,1,"[{""new_entry"": 0.937, ""new_tps"": [0.93, 0.922, 0.909], ""new_sl"": null, ""ts"": ""2026-02-28 14:03:45""}]",,FALSE
6471,2026-03-01 10:21:20,AVAXUSDT,SELL,9.117,9.056,8.995,8.874,9.345,,0,[],tp1,FALSE
6472,2026-03-01 11:21:56,SUIUSDT,SELL,0.9038,0.8965,0.8893,0.8766,0.9526,0.9254,0,[],"tp1, tp2",FALSE
6480,2026-03-02 11:04:56,LDOUSDT,SELL,0.3011,0.2987,0.2963,0.2915,0.3102,,0,[],tp1,FALSE
6482,2026-03-02 13:27:38,TIAUSDT,SELL,0.3227,0.3201,0.3175,0.313,0.3401,0.3304,0,[],,FALSE
6489,2026-03-03 11:39:00,DOGEUSDT,BUY,0.09003,0.09075,0.09147,0.09291,0.08733,,0,[],tp1,FALSE
6491,2026-03-03 11:51:16,NEARUSDT,SELL,1.34,1.329,1.318,1.3,1.396,1.356,1,"[{""new_entry"": 1.34, ""new_tps"": [1.329, 1.318, 1.3], ""new_sl"": null, ""ts"": ""2026-03-03 12:30:30""}]",tp1,FALSE
6497,2026-03-04 10:23:36,OPUSDT,SELL,0.1296,0.1286,0.1276,0.1257,0.1334,,0,[],"tp1, tp2",FALSE
6498,2026-03-04 10:46:21,APTUSDT,SELL,0.9985,0.9905,0.9825,0.9685,1.0524,1.0224,0,[],tp1,FALSE
6506,2026-03-05 11:38:44,AVAXUSDT,SELL,9.486,9.41,9.334,9.201,9.998,9.713,0,[],tp1,FALSE
6514,2026-03-06 11:03:42,XRPUSDT,SELL,1.4019,1.3926,1.3832,1.3645,1.4369,,0,[],"tp1, tp2",FALSE
6524,2026-03-07 10:49:22,SUIUSDT,SELL,0.907,0.8997,0.8924,0.8797,0.9559,0.9287,0,[],tp1,FALSE